{
  "test/integration/opaTests.qunit-dbg.js": 1712736551525,
  "manifest.json": 1712737065602,
  "test/integration/pages/RisksList.js": 1712736551549,
  "test/integration/opaTests.qunit.js": 1712736551525,
  "test/integration/FirstJourney.js": 1712736551561,
  "test/testsuite.qunit.js": 1712736551281,
  "xs-app.json": 1712737065350,
  "test/integration/pages/RisksObjectPage.js": 1712736551549,
  "Component.js": 1712736551065,
  "test/integration/FirstJourney-dbg.js": 1712736551561,
  "test/integration/FirstJourney.js.map": 1712737084492,
  "i18n/i18n.properties": 1712736598425,
  "test/integration/opaTests.qunit.js.map": 1712737084499,
  "test/integration/pages/RisksList-dbg.js": 1712736551549,
  "test/integration/pages/RisksList.js.map": 1712737084486,
  "test/testsuite.qunit-dbg.js": 1712736551281,
  "test/testsuite.qunit.js.map": 1712737084493,
  "test/integration/pages/RisksObjectPage-dbg.js": 1712736551549,
  "test/integration/pages/RisksObjectPage.js.map": 1712737084488,
  "Component-dbg.js": 1712736551065,
  "Component.js.map": 1712737084490,
  "Component-preload.js": 1712737084631,
  "Component-preload.js.map": 1712737084631,
  "test/integration/opaTests.qunit.html": 1712736551525,
  "test/testsuite.qunit.html": 1712736551281,
  "test/flpSandbox.html": 1712736551281,
  "index.html": 1712736551065
}